1,Mrs,Maëly,Bowell,jbowell0@aol.com
2,Honorable,Léane,Costellow,ycostellow1@addthis.com
3,Mrs,Océane,Tume,ttume2@chron.com
4,Mr,Marie-josée,Grundell,egrundell3@mayoclinic.com
5,Mrs,Sòng,Kinane,gkinane4@livejournal.com
6,Rev,Angèle,Ewells,mewells5@kickstarter.com
7,Mr,Nélie,Insole,linsole6@loc.gov
8,Mrs,Gaétane,Tolefree,mtolefree7@prweb.com
9,Dr,Görel,Edmons,eedmons8@elpais.com
10,Ms,Régine,Stanmore,mstanmore9@walmart.com
11,Mrs,Cléa,Colquit,bcolquita@gizmodo.com
12,Rev,Lèi,Kirton,jkirtonb@tiny.cc
13,Rev,Miléna,Benardette,rbenardettec@free.fr
14,Mrs,Björn,Varrow,evarrowd@mit.edu
15,Dr,Annotés,Gadson,agadsone@artisteer.com
16,Mr,Loïc,Divers,adiversf@google.ca
17,Rev,Félicie,Todari,atodarig@usda.gov
18,Ms,Clélia,Kinnin,akinninh@hao123.com
19,Rev,Fèi,Ladell,cladelli@google.cn
20,Dr,Médiamass,Byre,fbyrej@senate.gov
21,Ms,Eloïse,Lutwidge,hlutwidgek@yellowbook.com
22,Ms,Örjan,Capitano,dcapitanol@scribd.com
23,Rev,Ophélie,Takos,btakosm@facebook.com
24,Rev,Adèle,McHarry,wmcharryn@google.fr
25,Dr,Léonie,Elham,relhamo@facebook.com
26,Honorable,Clémence,Fones,hfonesp@latimes.com
27,Mr,Camélia,Rogers,progersq@sourceforge.net
28,Dr,Faîtes,Wooder,lwooderr@so-net.ne.jp
29,Ms,Daphnée,Verne,rvernes@noaa.gov
30,Mrs,Thérèse,Poge,cpoget@hatena.ne.jp
31,Mr,Mélys,Arnholz,barnholzu@artisteer.com
32,Mrs,Salomé,Trevarthen,ttrevarthenv@bloglovin.com
33,Mrs,Agnès,Moorcroft,jmoorcroftw@theglobeandmail.com
34,Rev,Styrbjörn,Riddick,mriddickx@reverbnation.com
35,Ms,Rébecca,Shaul,hshauly@usda.gov
36,Dr,Gösta,Hanniger,khannigerz@illinois.edu
37,Mr,Anaëlle,Schankelborg,gschankelborg10@upenn.edu
38,Dr,Maéna,Ogelbe,vogelbe11@blogspot.com
39,Dr,Lén,Willock,mwillock12@theglobeandmail.com
40,Mrs,Lorène,Fulger,ffulger13@telegraph.co.uk
41,Mr,Publicité,Tinklin,ltinklin14@t-online.de
42,Mrs,Léane,Eskrick,ieskrick15@ehow.com
43,Dr,Crééz,Crighten,ecrighten16@auda.org.au
44,Ms,Personnalisée,Lowsely,elowsely17@businessinsider.com
45,Mr,Maéna,D'Ambrosi,tdambrosi18@icio.us
46,Dr,Angèle,Stanbridge,hstanbridge19@economist.com
47,Rev,André,Tolussi,otolussi1a@uiuc.edu
48,Dr,Marie-thérèse,Topham,etopham1b@geocities.jp
49,Ms,Félicie,Balaam,bbalaam1c@chicagotribune.com
50,Honorable,Léonie,Nucci,fnucci1d@cnn.com
51,Dr,Anaïs,Driffield,cdriffield1e@pbs.org
52,Ms,Cunégonde,Cremins,lcremins1f@youku.com
53,Ms,Mélys,Dullard,wdullard1g@wufoo.com
54,Dr,Véronique,Sowray,esowray1h@yelp.com
55,Ms,Kù,Hunsworth,chunsworth1i@blogs.com
56,Mrs,Faîtes,Kochlin,rkochlin1j@mtv.com
57,Mrs,Andréanne,Leisk,lleisk1k@g.co
58,Mr,Miléna,Kirkwood,hkirkwood1l@fc2.com
59,Mr,Kévina,Tabourin,stabourin1m@eventbrite.com
60,Ms,Méline,Grandison,cgrandison1n@adobe.com
61,Mrs,Léa,Easson,beasson1o@woothemes.com
62,Ms,Lauréna,O'Hoolahan,sohoolahan1p@issuu.com
63,Honorable,Athéna,McConaghy,tmcconaghy1q@home.pl
64,Ms,Noëlla,Wathey,bwathey1r@wikipedia.org
65,Ms,Béatrice,Pic,mpic1s@multiply.com
66,Rev,Dafnée,Wrigley,lwrigley1t@zdnet.com
67,Dr,Kuí,Kiledal,tkiledal1u@icq.com
68,Ms,Rachèle,Dumphries,mdumphries1v@sitemeter.com
69,Mr,Marie-hélène,Liff,bliff1w@umich.edu
70,Ms,Cunégonde,Hargrove,ahargrove1x@flickr.com
71,Dr,Renée,Jeckell,bjeckell1y@oaic.gov.au
72,Ms,Lén,Fancourt,kfancourt1z@jiathis.com
73,Ms,Adélaïde,Elles,nelles20@epa.gov
74,Mr,Lén,McCulloch,mmcculloch21@marketwatch.com
75,Dr,Hélèna,Greening,agreening22@cnbc.com
76,Dr,Méng,Runsey,mrunsey23@mtv.com
77,Mrs,Léana,Alessandretti,malessandretti24@alibaba.com
78,Mr,Célestine,d'Arcy,kdarcy25@dropbox.com
79,Rev,Angélique,Condliffe,bcondliffe26@free.fr
80,Rev,Léonie,Gisbye,kgisbye27@etsy.com
81,Ms,Liè,Wiz,swiz28@hubpages.com
82,Honorable,Bérangère,Warbey,awarbey29@goo.gl
83,Mr,Maéna,Franca,dfranca2a@clickbank.net
84,Ms,Cléopatre,Cockerill,bcockerill2b@google.com
85,Mr,Bérangère,Bedlington,abedlington2c@i2i.jp
86,Dr,Gwenaëlle,Yurygyn,ayurygyn2d@springer.com
87,Honorable,Gaétane,Bubeer,sbubeer2e@chicagotribune.com
88,Mr,Andréa,Albrook,salbrook2f@wikispaces.com
89,Mrs,Maïlys,Tonner,ntonner2g@marriott.com
90,Rev,Aimée,Kaine,ikaine2h@slashdot.org
91,Mrs,Stéphanie,Braznell,cbraznell2i@jigsy.com
92,Ms,Anaïs,Fleming,tfleming2j@time.com
93,Dr,Lyséa,Walding,ewalding2k@boston.com
94,Mrs,Méthode,Piolli,hpiolli2l@mashable.com
95,Honorable,Eugénie,Tarney,ctarney2m@eepurl.com
96,Rev,Desirée,Presnell,rpresnell2n@phoca.cz
97,Dr,Adélaïde,Fawdry,mfawdry2o@house.gov
98,Mr,Renée,Elijahu,aelijahu2p@pen.io
99,Mr,Maéna,Radmer,hradmer2q@europa.eu
100,Dr,Eléonore,Wittke,awittke2r@angelfire.com
101,Dr,Wá,Benard,lbenard2s@nih.gov
102,Honorable,Maëlle,Iddons,tiddons2t@hubpages.com
103,Ms,Pélagie,Guerreru,lguerreru2u@un.org
104,Rev,Östen,Carder,pcarder2v@earthlink.net
105,Ms,Lorène,Hanscome,thanscome2w@mit.edu
106,Rev,Lèi,Freegard,mfreegard2x@barnesandnoble.com
107,Dr,Almérinda,Macauley,bmacauley2y@fda.gov
108,Mr,Zhì,Itzig,ritzig2z@weather.com
109,Dr,Yóu,Letford,tletford30@github.io
110,Honorable,Mélina,Stanwix,jstanwix31@psu.edu
111,Honorable,Torbjörn,Haccleton,ghaccleton32@tumblr.com
112,Honorable,Marie-thérèse,Radclyffe,sradclyffe33@opensource.org
113,Honorable,Chloé,Joice,ejoice34@globo.com
114,Honorable,Frédérique,Harryman,oharryman35@topsy.com
115,Dr,Mélinda,Brooker,sbrooker36@meetup.com
116,Dr,Gaétane,Baldassi,lbaldassi37@google.es
117,Ms,Mélinda,Cowlin,kcowlin38@kickstarter.com
118,Rev,Léonie,Boutton,pboutton39@nationalgeographic.com
119,Rev,Méryl,Kits,ckits3a@admin.ch
120,Mr,Lài,Littleton,rlittleton3b@bbc.co.uk
121,Dr,Maëline,Edgworth,pedgworth3c@noaa.gov
122,Mrs,Mylène,Jakubovics,cjakubovics3d@arizona.edu
123,Honorable,Noëlla,Leele,xleele3e@php.net
124,Honorable,Kù,Rowett,browett3f@macromedia.com
125,Rev,Zhì,Canning,kcanning3g@pbs.org
126,Mrs,Nélie,Hardman,ahardman3h@nytimes.com
127,Ms,Clémence,Rookes,srookes3i@imgur.com
128,Dr,Wá,Banck,cbanck3j@behance.net
129,Honorable,Intéressant,Barbrook,hbarbrook3k@goodreads.com
130,Dr,Séverine,Hruska,hhruska3l@purevolume.com
131,Mr,Lèi,Vaudrey,avaudrey3m@archive.org
132,Rev,Mélanie,Vittle,fvittle3n@deliciousdays.com
133,Dr,Rachèle,Kairns,mkairns3o@prweb.com
134,Honorable,Océane,Kyme,tkyme3p@hc360.com
135,Mrs,Eloïse,Haryngton,mharyngton3q@prweb.com
136,Honorable,Méng,Slidders,gslidders3r@networkadvertising.org
137,Honorable,Gwenaëlle,Dafydd,wdafydd3s@comsenz.com
138,Dr,Océane,Harnett,hharnett3t@privacy.gov.au
139,Mr,Åke,Antonietti,cantonietti3u@macromedia.com
140,Ms,Bérénice,Tennet,atennet3v@pcworld.com
141,Dr,Solène,Fidgett,pfidgett3w@delicious.com
142,Mr,Léonie,Deighan,bdeighan3x@acquirethisname.com
143,Mrs,Clémence,Ardern,kardern3y@time.com
144,Honorable,Estée,Keaveney,hkeaveney3z@vk.com
145,Mrs,Yóu,Luberto,tluberto40@delicious.com
146,Ms,Pélagie,Cannon,lcannon41@theguardian.com
147,Rev,Océane,Bottini,abottini42@nsw.gov.au
148,Dr,Réjane,McDavitt,tmcdavitt43@barnesandnoble.com
149,Rev,Kévina,Beathem,abeathem44@hatena.ne.jp
150,Mrs,Görel,Staples,dstaples45@123-reg.co.uk
151,Mrs,Thérèse,Vittel,yvittel46@zdnet.com
152,Honorable,Mà,Bouzek,ebouzek47@blogtalkradio.com
153,Dr,Méthode,Cawsy,acawsy48@cbsnews.com
154,Mr,Anaëlle,Scammonden,mscammonden49@netlog.com
155,Mrs,Vérane,MacPharlain,emacpharlain4a@yolasite.com
156,Ms,Jú,Albutt,kalbutt4b@hud.gov
157,Mr,Lén,Radden,dradden4c@comcast.net
158,Honorable,Maéna,Tivers,mtivers4d@squarespace.com
159,Ms,Garçon,Winsor,mwinsor4e@quantcast.com
160,Honorable,Dù,Swalwel,rswalwel4f@sfgate.com
161,Dr,Solène,Clitheroe,gclitheroe4g@squarespace.com
162,Mrs,Aloïs,Rosina,mrosina4h@creativecommons.org
163,Mr,Cinéma,Borres,dborres4i@apple.com
164,Dr,Naéva,Evison,kevison4j@drupal.org
165,Mrs,Mégane,Hyams,whyams4k@infoseek.co.jp
166,Mrs,Marie-noël,Guerner,pguerner4l@imgur.com
167,Mr,Léonore,Troyes,ktroyes4m@fc2.com
168,Dr,Gérald,Yashaev,lyashaev4n@networksolutions.com
169,Mrs,Méthode,Absolon,sabsolon4o@noaa.gov
170,Honorable,Adélie,Churly,wchurly4p@creativecommons.org
171,Honorable,Cécile,Culcheth,aculcheth4q@fotki.com
172,Mr,Dafnée,Fiddyment,ifiddyment4r@deliciousdays.com
173,Dr,Joséphine,Lowe,rlowe4s@fc2.com
174,Dr,Thérèsa,Knight,lknight4t@ovh.net
175,Ms,Mélys,Carless,scarless4u@mapy.cz
176,Mrs,Méthode,Pietzner,rpietzner4v@goo.gl
177,Mrs,Kù,MacFaul,dmacfaul4w@naver.com
178,Rev,Märta,Balshaw,bbalshaw4x@amazon.de
179,Honorable,Angélique,Eastment,seastment4y@thetimes.co.uk
180,Mr,Gérald,Collinson,kcollinson4z@rakuten.co.jp
181,Rev,Estève,Whapple,twhapple50@mozilla.com
182,Mrs,Marlène,O'Corrane,mocorrane51@amazonaws.com
183,Ms,Amélie,Reihm,creihm52@pcworld.com
184,Mrs,Océane,Triplow,dtriplow53@ycombinator.com
185,Dr,Anaé,Jelf,ljelf54@nhs.uk
186,Ms,Fèi,Cartledge,acartledge55@baidu.com
187,Rev,Anaé,Huxham,ohuxham56@hubpages.com
188,Dr,Mélinda,Coushe,lcoushe57@blinklist.com
189,Mr,Pélagie,Huffadine,whuffadine58@bravesites.com
190,Honorable,Cléa,Sammes,csammes59@mac.com
191,Dr,Célestine,Ardling,aardling5a@phpbb.com
192,Rev,Bénédicte,Victory,kvictory5b@spiegel.de
193,Rev,Zoé,Featley,afeatley5c@seesaa.net
194,Ms,Yáo,Abercrombie,tabercrombie5d@paypal.com
195,Ms,Marie-noël,Gibbons,bgibbons5e@yelp.com
196,Ms,Maëlyss,Sealove,lsealove5f@oakley.com
197,Mr,Bénédicte,McRobbie,jmcrobbie5g@google.com.hk
198,Mr,Måns,Cristoforetti,lcristoforetti5h@si.edu
199,Rev,Börje,Oneile,loneile5i@theguardian.com
200,Honorable,Régine,Alvarado,aalvarado5j@accuweather.com
201,Mrs,Séréna,Armsden,aarmsden5k@wsj.com
202,Ms,Lauréna,Sandeford,tsandeford5l@google.com.br
203,Mrs,Nadège,Chazelle,tchazelle5m@amazon.de
204,Dr,Aloïs,Wickwarth,bwickwarth5n@sohu.com
205,Ms,André,Greenhalf,mgreenhalf5o@list-manage.com
206,Ms,Yáo,MacQuaker,cmacquaker5p@youtu.be
207,Honorable,Tán,Maytom,hmaytom5q@t-online.de
208,Ms,Rachèle,Edens,medens5r@weather.com
209,Mr,Mélia,Jovicic,ejovicic5s@ucoz.ru
210,Rev,Zoé,Ettritch,mettritch5t@surveymonkey.com
211,Rev,Adèle,Browett,jbrowett5u@comsenz.com
212,Honorable,Marylène,De Gregario,wdegregario5v@printfriendly.com
213,Ms,Marylène,Trase,strase5w@jimdo.com
214,Ms,Vénus,Maxstead,vmaxstead5x@europa.eu
215,Dr,Magdalène,Steven,asteven5y@prweb.com
216,Dr,Ophélie,Brent,lbrent5z@cdbaby.com
217,Honorable,Pò,Spon,fspon60@usda.gov
218,Rev,Cléa,Crolla,hcrolla61@mail.ru
219,Mrs,Chloé,Lackey,llackey62@pbs.org
220,Mrs,Alizée,Claeskens,lclaeskens63@smugmug.com
221,Rev,Intéressant,Dean,cdean64@nydailynews.com
222,Honorable,Réservés,Binge,rbinge65@deviantart.com
223,Mrs,Zoé,D'Onisi,tdonisi66@java.com
224,Mrs,Esbjörn,Prettyjohn,nprettyjohn67@networkadvertising.org
225,Mr,Naéva,Buckby,vbuckby68@blogspot.com
226,Honorable,Céline,Whittall,hwhittall69@google.com.hk
227,Mrs,Naéva,Petrovykh,jpetrovykh6a@nydailynews.com
228,Mr,Clémentine,Minihane,hminihane6b@mozilla.com
229,Mrs,Geneviève,Mayward,rmayward6c@purevolume.com
230,Honorable,Örjan,Henze,khenze6d@msn.com
231,Mrs,Crééz,Wolsey,cwolsey6e@globo.com
232,Ms,Liè,Hoodless,lhoodless6f@usnews.com
233,Ms,Marie-josée,Dye,fdye6g@oakley.com
234,Mrs,Märta,Markwell,dmarkwell6h@addthis.com
235,Ms,Táng,Caldero,wcaldero6i@free.fr
236,Mrs,Dafnée,Manvelle,cmanvelle6j@elegantthemes.com
237,Dr,Mélys,Gaul,pgaul6k@woothemes.com
238,Ms,Pål,Confait,rconfait6l@opera.com
239,Mr,Maïwenn,Nevin,snevin6m@etsy.com
240,Dr,Björn,McPhillimey,amcphillimey6n@goodreads.com
241,Mr,Séréna,Grinaway,rgrinaway6o@twitpic.com
242,Rev,Adèle,Statefield,estatefield6p@g.co
243,Honorable,Valérie,Dunkinson,jdunkinson6q@icio.us
244,Mr,Béatrice,Lahive,hlahive6r@artisteer.com
245,Rev,Zoé,Demko,sdemko6s@wix.com
246,Mrs,Gösta,Noblett,gnoblett6t@archive.org
247,Honorable,Maïlis,Levick,rlevick6u@kickstarter.com
248,Dr,Gaétane,Bugdell,abugdell6v@indiegogo.com
249,Mrs,Néhémie,Lammers,slammers6w@google.nl
250,Dr,Médiamass,Cunrado,gcunrado6x@ifeng.com
251,Dr,Stéphanie,Snellman,bsnellman6y@nationalgeographic.com
252,Honorable,Yóu,Beardsley,abeardsley6z@washingtonpost.com
253,Honorable,Noëlla,Fuxman,kfuxman70@live.com
254,Honorable,Judicaël,Sandwick,gsandwick71@phpbb.com
255,Mr,Gérald,Gonnel,dgonnel72@ibm.com
256,Ms,Océanne,Watling,cwatling73@chron.com
257,Honorable,Maëline,Cringle,icringle74@rambler.ru
258,Mr,Dù,Cock,mcock75@4shared.com
259,Ms,Athéna,Dampney,bdampney76@macromedia.com
260,Ms,Aurélie,Cohr,scohr77@businessinsider.com
261,Mrs,Märta,Heliar,mheliar78@yale.edu
262,Rev,Maïly,Dodridge,jdodridge79@theglobeandmail.com
263,Ms,Mahélie,Gut,mgut7a@cnbc.com
264,Rev,Göran,Martynikhin,hmartynikhin7b@nbcnews.com
265,Dr,Torbjörn,McPeck,rmcpeck7c@google.com.hk
266,Dr,Marlène,Choak,gchoak7d@google.ru
267,Ms,Françoise,Ironside,dironside7e@vimeo.com
268,Mrs,Célia,Sides,csides7f@dyndns.org
269,Dr,Nélie,Gribben,sgribben7g@ucoz.ru
270,Rev,Maëlyss,Lasseter,elasseter7h@vimeo.com
271,Mr,Anaïs,Ible,fible7i@geocities.com
272,Rev,Mélia,Chellenham,bchellenham7j@ebay.co.uk
273,Ms,Séréna,Pratley,spratley7k@state.gov
274,Ms,Cunégonde,Halversen,jhalversen7l@mediafire.com
275,Mr,Crééz,Terris,sterris7m@123-reg.co.uk
276,Mrs,Léa,Lynd,dlynd7n@elegantthemes.com
277,Ms,Yóu,Marzelle,cmarzelle7o@vinaora.com
278,Mrs,Maëlann,Gouldsmith,lgouldsmith7p@simplemachines.org
279,Mr,Nélie,Goncalo,mgoncalo7q@uol.com.br
280,Mrs,Adèle,Hellis,whellis7r@npr.org
281,Honorable,Alizée,Treat,rtreat7s@squarespace.com
282,Mr,Stéphanie,Pickles,tpickles7t@i2i.jp
283,Honorable,Laurène,Knock,bknock7u@feedburner.com
284,Mrs,Alizée,Bourdel,dbourdel7v@google.com.br
285,Mrs,Léa,Barock,sbarock7w@ebay.com
286,Dr,Desirée,Donnett,jdonnett7x@nba.com
287,Mrs,Styrbjörn,Aslie,iaslie7y@privacy.gov.au
288,Mrs,Yóu,MacTavish,dmactavish7z@disqus.com
289,Mr,Geneviève,Hinkens,dhinkens80@prnewswire.com
290,Dr,Maïwenn,Sappson,lsappson81@eventbrite.com
291,Ms,Renée,O'Brogan,hobrogan82@ycombinator.com
292,Mr,Andrée,Dockrell,idockrell83@de.vu
293,Rev,Anaïs,Abraham,rabraham84@ucoz.ru
294,Honorable,Maïlis,Palffrey,rpalffrey85@nydailynews.com
295,Honorable,Josée,Blunn,sblunn86@dropbox.com
296,Ms,Eliès,Reames,lreames87@devhub.com
297,Rev,Jú,Karmel,kkarmel88@github.io
298,Honorable,Lyséa,Grishechkin,agrishechkin89@bbb.org
299,Dr,Noëlla,Mercy,smercy8a@patch.com
300,Mrs,Marlène,Sammons,csammons8b@kickstarter.com
301,Honorable,André,Mushrow,kmushrow8c@harvard.edu
302,Rev,Torbjörn,Badham,ebadham8d@mozilla.org
303,Mrs,Rachèle,Clouston,fclouston8e@google.nl
304,Dr,Loïca,Brech,sbrech8f@facebook.com
305,Ms,Pò,Teague,oteague8g@yolasite.com
306,Honorable,Yóu,Cuardall,acuardall8h@reverbnation.com
307,Ms,Lài,Casale,acasale8i@deviantart.com
308,Honorable,Nadège,Eustace,ceustace8j@xing.com
309,Ms,Judicaël,Pollie,epollie8k@ask.com
310,Mrs,Maëlys,Chazelas,cchazelas8l@yahoo.com
311,Ms,Pélagie,Posthill,dposthill8m@symantec.com
312,Mr,Thérèsa,McGlaughn,rmcglaughn8n@ebay.co.uk
313,Dr,Léana,Yearby,eyearby8o@amazon.de
314,Rev,Amélie,Huggard,thuggard8p@bloglines.com
315,Dr,Géraldine,Frankton,lfrankton8q@flickr.com
316,Mr,Valérie,Cortin,ecortin8r@reddit.com
317,Mr,Kuí,Tregent,stregent8s@360.cn
318,Ms,Táng,Tidcomb,jtidcomb8t@whitehouse.gov
319,Dr,Valérie,Keers,akeers8u@skyrock.com
320,Mrs,Géraldine,Bloom,kbloom8v@dropbox.com
321,Honorable,Bérénice,Howselee,ahowselee8w@alibaba.com
322,Ms,Lucrèce,Espinel,aespinel8x@ifeng.com
323,Mrs,Liè,Presser,tpresser8y@wix.com
324,Dr,Eléa,Dericut,sdericut8z@chicagotribune.com
325,Rev,André,Craker,hcraker90@bloomberg.com
326,Dr,Régine,Gawen,ngawen91@elegantthemes.com
327,Rev,Loïs,Pierrepont,vpierrepont92@g.co
328,Ms,Dà,Worster,hworster93@topsy.com
329,Mr,Åke,Colquyte,icolquyte94@java.com
330,Ms,Thérèsa,Beckenham,bbeckenham95@amazonaws.com
331,Honorable,Mén,Onyon,lonyon96@yelp.com
332,Mr,Géraldine,Assinder,tassinder97@alexa.com
333,Rev,Hélèna,Highwood,phighwood98@foxnews.com
334,Dr,Pénélope,Pes,apes99@about.com
335,Honorable,Fèi,Kleinplatz,kkleinplatz9a@geocities.com
336,Mrs,Táng,Cruickshank,ecruickshank9b@prnewswire.com
337,Mr,Gérald,D'Aeth,ldaeth9c@archive.org
338,Ms,Chloé,Haresnaip,gharesnaip9d@cmu.edu
339,Dr,Yénora,Dormer,bdormer9e@plala.or.jp
340,Mrs,André,Blanch,sblanch9f@ustream.tv
341,Mrs,Inès,Bazeley,pbazeley9g@goodreads.com
342,Mrs,Bérénice,Cousans,gcousans9h@github.com
343,Mr,Dafnée,Collister,hcollister9i@google.pl
344,Dr,Nuó,Dominick,jdominick9j@businesswire.com
345,Honorable,Garçon,Crosdill,gcrosdill9k@themeforest.net
346,Honorable,Mélina,Hurleston,nhurleston9l@businessweek.com
347,Ms,Méng,Seagrove,kseagrove9m@weibo.com
348,Mrs,Östen,Dillinger,udillinger9n@rambler.ru
349,Mr,Geneviève,Wanden,awanden9o@de.vu
350,Mrs,Océanne,McCrann,kmccrann9p@e-recht24.de
351,Mr,Noëlla,Mauvin,vmauvin9q@plala.or.jp
352,Dr,Mén,Brazur,ebrazur9r@drupal.org
353,Ms,Gérald,Ajam,vajam9s@goodreads.com
354,Mr,Måns,Mccaull,rmccaull9t@multiply.com
355,Honorable,Frédérique,Levene,mlevene9u@google.it
356,Dr,Maïly,Linnit,glinnit9v@vkontakte.ru
357,Dr,Magdalène,McQuin,cmcquin9w@etsy.com
358,Mrs,Marie-françoise,Sauvain,ksauvain9x@hud.gov
359,Rev,Néhémie,Statter,astatter9y@shinystat.com
360,Dr,Miléna,Rupke,jrupke9z@ow.ly
361,Ms,Mahélie,Allward,callwarda0@examiner.com
362,Mrs,Bécassine,Le Strange,clestrangea1@fotki.com
363,Mrs,Loïs,Henighan,ihenighana2@unesco.org
364,Mr,Mégane,Kenson,qkensona3@youku.com
365,Dr,Liè,Paszak,lpaszaka4@oaic.gov.au
366,Ms,Clémence,Spilsburie,cspilsburiea5@multiply.com
367,Ms,Inès,Paireman,apairemana6@forbes.com
368,Mr,Michèle,Wyard,iwyarda7@acquirethisname.com
369,Rev,Cinéma,Seatter,rseattera8@lulu.com
370,Mr,Måns,Lickorish,blickorisha9@google.com.hk
371,Mr,Maëlle,Chatwood,bchatwoodaa@cafepress.com
372,Honorable,Pénélope,Scrooby,mscroobyab@nifty.com
373,Dr,Béatrice,Broggetti,dbroggettiac@ehow.com
374,Rev,Edmée,Pawle,dpawlead@drupal.org
375,Honorable,Léana,Maulkin,hmaulkinae@vimeo.com
376,Honorable,Yáo,Soppit,psoppitaf@booking.com
377,Rev,Thérèsa,Brewis,lbrewisag@acquirethisname.com
378,Rev,Illustrée,Gerhardt,fgerhardtah@illinois.edu
379,Ms,Séréna,Phettis,rphettisai@gnu.org
380,Rev,Marie-thérèse,Giacobazzi,cgiacobazziaj@miitbeian.gov.cn
381,Mr,Annotés,Braddick,rbraddickak@hc360.com
382,Rev,Céline,Twaite,etwaiteal@time.com
383,Dr,Mylène,Clementet,xclementetam@latimes.com
384,Mr,Aloïs,Francomb,sfrancomban@xing.com
385,Mrs,Chloé,Trethowan,ttrethowanao@mail.ru
386,Ms,Adélaïde,Bruniges,wbrunigesap@xinhuanet.com
387,Rev,Lauréna,Bolle,abolleaq@ocn.ne.jp
388,Dr,Lóng,McCrillis,cmccrillisar@sun.com
389,Rev,Pélagie,Lambertson,nlambertsonas@mayoclinic.com
390,Mrs,Eléa,De Minico,cdeminicoat@weebly.com
391,Mr,Crééz,Aldersey,dalderseyau@mail.ru
392,Ms,Börje,Ovendon,bovendonav@nydailynews.com
393,Mrs,Néhémie,Hutchin,rhutchinaw@usgs.gov
394,Rev,Marie-hélène,O'Lynn,tolynnax@webnode.com
395,Rev,Lauréna,Ragsdale,dragsdaleay@macromedia.com
396,Mr,Kévina,De Beauchemp,sdebeauchempaz@washington.edu
397,Rev,Pélagie,Peskett,apeskettb0@dmoz.org
398,Mr,Néhémie,Judd,zjuddb1@icq.com
399,Rev,Irène,Durak,cdurakb2@businesswire.com
400,Mr,Océanne,Kobisch,bkobischb3@squarespace.com
401,Honorable,Anaël,McNeachtain,imcneachtainb4@parallels.com
402,Rev,Annotés,Iannetti,ciannettib5@uol.com.br
403,Dr,Eléonore,Colston,vcolstonb6@facebook.com
404,Honorable,Cécilia,Tullett,otullettb7@who.int
405,Ms,Cécilia,Farans,hfaransb8@sfgate.com
406,Dr,Gaïa,Buckoke,ybuckokeb9@jiathis.com
407,Dr,Börje,MacLaughlin,dmaclaughlinba@sakura.ne.jp
408,Mrs,Ruì,Brookbank,abrookbankbb@nydailynews.com
409,Honorable,Garçon,Frean,ifreanbc@blogtalkradio.com
410,Mr,Lorène,Wyard,swyardbd@qq.com
411,Ms,Gwenaëlle,Grace,agracebe@sfgate.com
412,Ms,Clémence,Ten Broek,atenbroekbf@sakura.ne.jp
413,Mr,Mélinda,Marchi,jmarchibg@squidoo.com
414,Honorable,Réservés,Wandless,jwandlessbh@nba.com
415,Mr,Esbjörn,Gettone,bgettonebi@npr.org
416,Honorable,Léonore,Quaife,hquaifebj@fda.gov
417,Ms,Táng,Balogh,tbaloghbk@npr.org
418,Dr,Léana,Stivers,mstiversbl@globo.com
419,Rev,Liè,Sandford,bsandfordbm@uol.com.br
420,Dr,Tán,Orteu,morteubn@cbc.ca
421,Rev,Océane,Stoeck,cstoeckbo@fda.gov
422,Honorable,Yè,Walbrook,rwalbrookbp@drupal.org
423,Honorable,Görel,Stranger,nstrangerbq@stumbleupon.com
424,Honorable,Réjane,Yurocjkin,myurocjkinbr@aol.com
425,Dr,Céline,Bridden,jbriddenbs@opensource.org
426,Honorable,Dù,Leteurtre,aleteurtrebt@dagondesign.com
427,Rev,Angèle,Stott,tstottbu@fema.gov
428,Honorable,Maéna,Leake,tleakebv@hhs.gov
429,Rev,Marlène,Cawtheray,kcawtheraybw@ustream.tv
430,Mr,Lorène,Powdrell,epowdrellbx@phoca.cz
431,Honorable,Maëline,Kegg,bkeggby@studiopress.com
432,Rev,Andréanne,Newlands,snewlandsbz@gnu.org
433,Ms,Rébecca,Carbin,mcarbinc0@lycos.com
434,Honorable,Jú,Jacox,njacoxc1@dmoz.org
435,Mrs,Annotés,Phalip,dphalipc2@hp.com
436,Rev,Maéna,Brolechan,ebrolechanc3@answers.com
437,Honorable,Annotés,Treneer,ntreneerc4@jimdo.com
438,Dr,Estée,Swanton,iswantonc5@utexas.edu
439,Mrs,Faîtes,O'Deoran,kodeoranc6@nbcnews.com
440,Mrs,Maëlla,Jaskiewicz,bjaskiewiczc7@tinyurl.com
441,Rev,Mélodie,Youngman,pyoungmanc8@gravatar.com
442,Mr,Anaëlle,Semmence,gsemmencec9@naver.com
443,Honorable,Marlène,Record,arecordca@is.gd
444,Mrs,Kévina,Ragge,draggecb@skyrock.com
445,Rev,Personnalisée,Symper,lsympercc@dropbox.com
446,Rev,Véronique,Folkerts,bfolkertscd@bravesites.com
447,Ms,Eléa,Lober,lloberce@shareasale.com
448,Ms,Bérengère,Scraney,bscraneycf@ameblo.jp
449,Dr,Andréanne,Kesey,ckeseycg@vistaprint.com
450,Dr,Régine,de Quesne,rdequesnech@e-recht24.de
451,Ms,Néhémie,MacCarter,jmaccarterci@domainmarket.com
452,Mrs,Stévina,Haruard,eharuardcj@auda.org.au
453,Dr,Kù,Paynton,spayntonck@buzzfeed.com
454,Mr,Eléonore,Gorvin,rgorvincl@washingtonpost.com
455,Rev,Léana,Copperwaite,rcopperwaitecm@about.com
456,Honorable,Mylène,Dockwray,rdockwraycn@yellowbook.com
457,Honorable,Torbjörn,Blamires,tblamiresco@prlog.org
458,Ms,Thérèsa,Nisuis,gnisuiscp@slashdot.org
459,Rev,Hélène,Marquess,kmarquesscq@sbwire.com
460,Mr,Stévina,Gailor,pgailorcr@facebook.com
461,Rev,Bécassine,Kieff,jkieffcs@shareasale.com
462,Mrs,Yè,Brimilcombe,rbrimilcombect@is.gd
463,Mr,Laurène,Jezzard,bjezzardcu@a8.net
464,Honorable,Lorène,Balser,hbalsercv@google.com.hk
465,Mr,Alizée,Jenno,jjennocw@noaa.gov
466,Honorable,Aurélie,O' Mahony,tomahonycx@skype.com
467,Rev,Eloïse,Pickersail,cpickersailcy@uiuc.edu
468,Mr,Maïwenn,Reyner,rreynercz@odnoklassniki.ru
469,Rev,Ruò,Leabeater,oleabeaterd0@xinhuanet.com
470,Honorable,Illustrée,Fulks,rfulksd1@patch.com
471,Honorable,Vérane,Smy,csmyd2@ebay.com
472,Dr,Liè,Pinson,lpinsond3@businesswire.com
473,Mrs,Loïs,Lincke,clincked4@upenn.edu
474,Rev,Illustrée,Rome,cromed5@prnewswire.com
475,Rev,Anaé,MacTerlagh,fmacterlaghd6@qq.com
476,Dr,Faîtes,Berard,cberardd7@deliciousdays.com
477,Dr,Cécilia,Dormon,ddormond8@myspace.com
478,Honorable,Lèi,Darbey,edarbeyd9@sogou.com
479,Mr,Yénora,Posnett,tposnettda@mapy.cz
480,Rev,Faîtes,Loos,mloosdb@gizmodo.com
481,Mr,Åke,Spink,bspinkdc@va.gov
482,Mr,Annotés,Backshill,bbackshilldd@creativecommons.org
483,Mr,Pélagie,Harome,fharomede@wikimedia.org
484,Rev,Séverine,Issatt,fissattdf@reuters.com
485,Honorable,Mårten,Vardon,avardondg@nps.gov
486,Ms,Danièle,Drepp,gdreppdh@1und1.de
487,Dr,Clémence,Hanigan,bhanigandi@answers.com
488,Mrs,Cécile,Shank,kshankdj@ucla.edu
489,Rev,Noémie,Rosi,brosidk@tmall.com
490,Rev,Cléopatre,Dewitt,tdewittdl@fastcompany.com
491,Rev,Dù,Howkins,chowkinsdm@phoca.cz
492,Rev,Aloïs,Merry,tmerrydn@jigsy.com
493,Ms,Camélia,Filippo,kfilippodo@sogou.com
494,Rev,Célia,Aronstein,taronsteindp@vkontakte.ru
495,Mrs,Sélène,Summerscales,esummerscalesdq@miibeian.gov.cn
496,Honorable,Örjan,Simka,fsimkadr@dagondesign.com
497,Honorable,Gaëlle,Tilio,ctiliods@reverbnation.com
498,Mr,Loïc,Pendleberry,lpendleberrydt@msu.edu
499,Ms,Estève,Kelshaw,ckelshawdu@phpbb.com
500,Dr,Mahélie,Corrigan,mcorrigandv@ft.com
501,Mr,Uò,Le Pruvost,mlepruvostdw@tripod.com
502,Honorable,Intéressant,Woodier,gwoodierdx@instagram.com
503,Mr,Mylène,Noel,rnoeldy@latimes.com
504,Dr,Ruì,Finnan,ofinnandz@gov.uk
505,Rev,Cécilia,Zealey,tzealeye0@odnoklassniki.ru
506,Mrs,Bérénice,Fessler,rfesslere1@seattletimes.com
507,Rev,Maïwenn,Dyers,jdyerse2@youku.com
508,Mrs,Océane,Goding,vgodinge3@ed.gov
509,Mrs,Cinéma,Cheese,scheesee4@pbs.org
510,Dr,Kallisté,Meanwell,emeanwelle5@dailymail.co.uk
511,Mrs,Desirée,MacFaul,emacfaule6@thetimes.co.uk
512,Rev,Félicie,Rylands,prylandse7@opera.com
513,Honorable,Pénélope,Harrop,kharrope8@virginia.edu
514,Mr,Börje,Derrell,lderrelle9@globo.com
515,Ms,Dorothée,Harrower,charrowerea@over-blog.com
516,Dr,Daphnée,Tilburn,ttilburneb@newsvine.com
517,Ms,Mélinda,Wallsworth,gwallsworthec@infoseek.co.jp
518,Dr,Edmée,Pickworth,jpickworthed@bloglovin.com
519,Honorable,Pélagie,Maud,cmaudee@sphinn.com
520,Mr,Geneviève,Luscombe,rluscombeef@qq.com
521,Rev,Léa,Runge,brungeeg@ft.com
522,Rev,Cunégonde,Esmonde,besmondeeh@surveymonkey.com
523,Mrs,Intéressant,Durden,vdurdenei@cnn.com
524,Rev,Cinéma,Meriet,cmerietej@hao123.com
525,Ms,Yénora,Helks,chelksek@barnesandnoble.com
526,Dr,Mahélie,Widdall,hwiddallel@ox.ac.uk
527,Dr,Mårten,Rivelon,urivelonem@youtu.be
528,Honorable,Gaïa,Fedynski,sfedynskien@eepurl.com
529,Mr,Valérie,Linford,blinfordeo@geocities.com
530,Honorable,Adèle,Corbett,pcorbettep@businesswire.com
531,Mr,Torbjörn,Hazeley,lhazeleyeq@imageshack.us
532,Honorable,Börje,Lawther,hlawtherer@list-manage.com
533,Mr,Maéna,Athy,cathyes@mediafire.com
534,Ms,Michèle,D'Onise,edoniseet@independent.co.uk
535,Mr,Östen,Higbin,whigbineu@gizmodo.com
536,Mr,Magdalène,Piper,kpiperev@mit.edu
537,Mr,Börje,Roundtree,proundtreeew@google.pl
538,Honorable,Maëline,Wey,cweyex@elpais.com
539,Dr,Marie-josée,Duerdin,mduerdiney@wunderground.com
540,Rev,Örjan,Leason,rleasonez@unicef.org
541,Rev,Cécilia,Pomphrett,opomphrettf0@oaic.gov.au
542,Rev,Rachèle,Brown,tbrownf1@unicef.org
543,Dr,Léa,Bosworth,fbosworthf2@facebook.com
544,Dr,Gaïa,Grunnell,dgrunnellf3@sphinn.com
545,Rev,Yóu,O'Monahan,comonahanf4@sourceforge.net
546,Rev,Léana,Brunesco,kbrunescof5@tuttocitta.it
547,Ms,Thérèse,Kersaw,tkersawf6@ning.com
548,Honorable,Uò,Chidlow,cchidlowf7@creativecommons.org
549,Ms,Gaëlle,Clackson,kclacksonf8@nytimes.com
550,Mr,Cunégonde,Zanazzi,rzanazzif9@constantcontact.com
551,Dr,Pò,Petrusch,spetruschfa@go.com
552,Mrs,Loïs,Edinburgh,sedinburghfb@dell.com
553,Mr,Méng,Bullocke,tbullockefc@utexas.edu
554,Honorable,Léonie,Moretto,bmorettofd@alibaba.com
555,Mrs,Jú,Hardaway,ghardawayfe@edublogs.org
556,Mrs,Rébecca,Bidwell,fbidwellff@cyberchimps.com
557,Rev,Crééz,Mackstead,lmacksteadfg@acquirethisname.com
558,Mrs,Léana,Struther,dstrutherfh@mashable.com
559,Ms,Maëly,Scopyn,kscopynfi@oakley.com
560,Mr,Eléonore,Gammade,hgammadefj@google.pl
561,Ms,Néhémie,Western,lwesternfk@who.int
562,Mrs,Séréna,Patsall,apatsallfl@hhs.gov
563,Dr,Rébecca,Scothorn,lscothornfm@tumblr.com
564,Rev,Maëline,Ashe,dashefn@ezinearticles.com
565,Ms,Mélissandre,Barkworth,tbarkworthfo@about.com
566,Ms,Personnalisée,Connah,dconnahfp@prnewswire.com
567,Mrs,Noémie,Carus,dcarusfq@printfriendly.com
568,Rev,Cloé,Beeho,wbeehofr@alexa.com
569,Dr,Alizée,Chaffer,mchafferfs@techcrunch.com
570,Dr,Cléopatre,McGillivrie,emcgillivrieft@arizona.edu
571,Mr,Stéphanie,Cansdill,vcansdillfu@diigo.com
572,Dr,Audréanne,Skidmore,pskidmorefv@ameblo.jp
573,Rev,Åsa,Mitroshinov,nmitroshinovfw@hud.gov
574,Dr,Lèi,Kordas,skordasfx@youtube.com
575,Ms,Noëlla,Broggio,dbroggiofy@devhub.com
576,Honorable,Crééz,Georgeon,egeorgeonfz@sakura.ne.jp
577,Rev,Laurélie,Grimshaw,cgrimshawg0@intel.com
578,Dr,Kallisté,Castellan,ycastellang1@eepurl.com
579,Honorable,Yénora,Germaine,ggermaineg2@slideshare.net
580,Dr,Jú,Stanion,astaniong3@ezinearticles.com
581,Dr,Eléonore,Baudinet,mbaudinetg4@nytimes.com
582,Mrs,Océane,Loomis,wloomisg5@sfgate.com
583,Mrs,Gaëlle,Bosence,cbosenceg6@usgs.gov
584,Honorable,Cléopatre,Claire,cclaireg7@ning.com
585,Rev,Daphnée,Brixham,rbrixhamg8@intel.com
586,Honorable,Camélia,Lewin,dlewing9@exblog.jp
587,Rev,Åslög,Newick,cnewickga@reverbnation.com
588,Ms,Laurène,Cornthwaite,kcornthwaitegb@usatoday.com
589,Rev,Léandre,Lamcken,alamckengc@diigo.com
590,Dr,Méryl,Aguirrezabala,faguirrezabalagd@reverbnation.com
591,Rev,Maëlys,Starling,mstarlingge@rakuten.co.jp
592,Rev,Danièle,Lomasney,glomasneygf@marriott.com
593,Mrs,Méng,Stainson,cstainsongg@joomla.org
594,Ms,Eloïse,Tofts,mtoftsgh@squidoo.com
595,Ms,Anaëlle,Assaf,bassafgi@cbslocal.com
596,Rev,Hélèna,Rushe,crushegj@goodreads.com
597,Ms,Börje,Seton,jsetongk@kickstarter.com
598,Mr,Marlène,Cozens,bcozensgl@japanpost.jp
599,Rev,Ruò,Mearing,hmearinggm@eepurl.com
600,Mr,Salomé,Gair,dgairgn@clickbank.net
601,Rev,Tú,Elis,delisgo@hubpages.com
602,Ms,Frédérique,Treagus,vtreagusgp@marketwatch.com
603,Mr,Pénélope,Grigaut,cgrigautgq@nhs.uk
604,Ms,Léane,Haldane,ghaldanegr@free.fr
605,Honorable,Célestine,Ballentime,sballentimegs@ucoz.com
606,Mrs,Véronique,Trelease,jtreleasegt@google.de
607,Rev,Réservés,Reiglar,kreiglargu@va.gov
608,Ms,Kallisté,Chaundy,pchaundygv@shop-pro.jp
609,Mrs,Mélia,Niessen,tniessengw@mlb.com
610,Mr,Kévina,Padson,apadsongx@time.com
611,Ms,Yáo,Sanbroke,bsanbrokegy@wikimedia.org
612,Dr,Publicité,Mixhel,rmixhelgz@wordpress.org
613,Ms,Crééz,Meiklam,fmeiklamh0@cnn.com
614,Dr,Mahélie,Tompkin,stompkinh1@howstuffworks.com
615,Honorable,Réjane,Alldridge,malldridgeh2@a8.net
616,Rev,Börje,Vinnick,tvinnickh3@weibo.com
617,Ms,Angélique,Adey,badeyh4@parallels.com
618,Mrs,Adèle,Sandys,jsandysh5@livejournal.com
619,Dr,Séréna,Bungey,sbungeyh6@wix.com
620,Rev,Måns,Heminsley,mheminsleyh7@pen.io
621,Dr,Anaïs,Fatscher,tfatscherh8@tripod.com
622,Dr,Mélodie,Crisp,bcrisph9@imageshack.us
623,Honorable,Réservés,Robeson,drobesonha@aboutads.info
624,Dr,Nadège,Stoite,sstoitehb@bloglines.com
625,Mr,Maïté,Larkin,slarkinhc@epa.gov
626,Mr,Aurélie,Seden,esedenhd@dell.com
627,Rev,Maï,Pippard,rpippardhe@abc.net.au
628,Mrs,Gaëlle,Hempel,ehempelhf@cornell.edu
629,Honorable,Laurélie,Powney,xpowneyhg@prlog.org
630,Honorable,Fèi,Offner,aoffnerhh@free.fr
631,Ms,Michèle,Currie,jcurriehi@newyorker.com
632,Rev,Aí,Skurm,askurmhj@gizmodo.com
633,Rev,Athéna,Breeton,hbreetonhk@webnode.com
634,Mrs,Félicie,Gorries,dgorrieshl@artisteer.com
635,Ms,Annotée,Bartolomivis,rbartolomivishm@geocities.jp
636,Mrs,Maëlann,Carek,dcarekhn@cafepress.com
637,Dr,Mélissandre,Hurton,lhurtonho@barnesandnoble.com
638,Ms,Inès,McBryde,wmcbrydehp@dailymail.co.uk
639,Mr,Bérénice,Orman,eormanhq@reverbnation.com
640,Ms,Hélène,Osbourn,mosbournhr@gnu.org
641,Ms,Estée,McRill,gmcrillhs@furl.net
642,Mr,Kévina,Myring,bmyringht@sakura.ne.jp
643,Dr,Séréna,Woffinden,nwoffindenhu@deliciousdays.com
644,Mrs,Tán,Cunliffe,lcunliffehv@nifty.com
645,Rev,Aí,O'Shaughnessy,ioshaughnessyhw@toplist.cz
646,Honorable,Maéna,Studdeard,wstuddeardhx@ocn.ne.jp
647,Mrs,Adélaïde,Brocklehurst,ybrocklehursthy@fc2.com
648,Dr,Loïca,De Gregario,ldegregariohz@wisc.edu
649,Rev,Ophélie,Pulbrook,spulbrooki0@wsj.com
650,Ms,Erwéi,Ayto,maytoi1@dropbox.com
651,Honorable,Rachèle,Goutcher,egoutcheri2@mysql.com
652,Mrs,Maëlann,Hyslop,jhyslopi3@desdev.cn
653,Honorable,Marie-thérèse,Rickarsey,lrickarseyi4@qq.com
654,Mr,Rébecca,Lockless,clocklessi5@omniture.com
655,Rev,Léana,McGarrity,kmcgarrityi6@behance.net
656,Honorable,Maéna,Casterot,ocasteroti7@biglobe.ne.jp
657,Mr,Ruì,Baldi,lbaldii8@seattletimes.com
658,Honorable,Marie-ève,McCleary,kmcclearyi9@wordpress.com
659,Mrs,Eliès,Hebner,jhebneria@purevolume.com
660,Honorable,Dorothée,Brookes,bbrookesib@state.tx.us
661,Dr,Aurélie,Zealander,fzealanderic@amazon.com
662,Honorable,Rachèle,Backes,lbackesid@newyorker.com
663,Rev,Torbjörn,Gossan,jgossanie@about.me
664,Ms,Aurélie,Petrishchev,cpetrishchevif@ning.com
665,Rev,Marie-françoise,Blundel,fblundelig@google.com.au
666,Honorable,Eléonore,Ceci,aceciih@blogspot.com
667,Mrs,Méline,Ander,ganderii@t.co
668,Honorable,Tán,Veld,rveldij@amazon.de
669,Mr,Eléa,Panswick,vpanswickik@businesswire.com
670,Rev,Andréa,Hayden,chaydenil@tumblr.com
671,Rev,Simplifiés,Reboul,mreboulim@ning.com
672,Mr,Mélanie,De Avenell,ndeavenellin@ask.com
673,Dr,Marie-françoise,Gaspero,agasperoio@typepad.com
674,Rev,Lorène,Carncross,kcarncrossip@reddit.com
675,Ms,Sélène,Backs,bbacksiq@booking.com
676,Ms,Mélissandre,Berzin,aberzinir@tiny.cc
677,Dr,Céline,McBay,fmcbayis@chicagotribune.com
678,Honorable,Clémence,Aubri,daubriit@google.ca
679,Mrs,Loïs,Paynton,opayntoniu@theatlantic.com
680,Dr,Bénédicte,Astill,gastilliv@t.co
681,Dr,Géraldine,Stanworth,nstanworthiw@nih.gov
682,Dr,Lén,Harsant,bharsantix@berkeley.edu
683,Rev,Yáo,Yantsev,kyantseviy@printfriendly.com
684,Mr,Laïla,Petrosian,gpetrosianiz@163.com
685,Ms,Göran,Juschka,mjuschkaj0@cdbaby.com
686,Mr,Josée,Uren,nurenj1@opera.com
687,Mrs,Maëlle,Dullingham,sdullinghamj2@imgur.com
688,Honorable,Tán,Tonnesen,etonnesenj3@behance.net
689,Honorable,Estée,Matiashvili,kmatiashvilij4@unesco.org
690,Dr,Thérèsa,Jakubowicz,ijakubowiczj5@noaa.gov
691,Honorable,Andréa,Reedy,hreedyj6@examiner.com
692,Honorable,Clémentine,Fyfe,afyfej7@exblog.jp
693,Dr,Josée,Neilson,kneilsonj8@fda.gov
694,Mrs,Chloé,Cockrem,gcockremj9@blogger.com
695,Mr,Ruì,Adshead,aadsheadja@ft.com
696,Dr,Mélinda,Corter,acorterjb@networkadvertising.org
697,Honorable,Annotés,Crosfield,fcrosfieldjc@g.co
698,Rev,Märta,Marritt,cmarrittjd@illinois.edu
699,Dr,Publicité,O'Curran,gocurranje@phoca.cz
700,Mrs,Danièle,Bowdery,hbowderyjf@whitehouse.gov
701,Ms,Cécilia,Shemming,zshemmingjg@sakura.ne.jp
702,Honorable,Gaëlle,Seebert,eseebertjh@utexas.edu
703,Dr,Anaïs,Chainey,pchaineyji@timesonline.co.uk
704,Dr,Åslög,Kingsman,ckingsmanjj@amazon.co.uk
705,Dr,Jú,Sargant,jsargantjk@goo.gl
706,Mr,Torbjörn,Mettrick,cmettrickjl@ezinearticles.com
707,Ms,Estève,Gartland,dgartlandjm@blinklist.com
708,Honorable,Naéva,Frean,dfreanjn@businessinsider.com
709,Dr,Desirée,Doley,adoleyjo@ask.com
710,Ms,Nadège,Pendleberry,dpendleberryjp@businesswire.com
711,Dr,Esbjörn,Arons,naronsjq@diigo.com
712,Honorable,Eliès,MacAlroy,cmacalroyjr@ucsd.edu
713,Mr,Kuí,Kilbourne,nkilbournejs@google.co.jp
714,Mrs,Marie-ève,Shout,rshoutjt@newsvine.com
715,Ms,Ráo,Kenrick,ekenrickju@vistaprint.com
716,Dr,Håkan,Dumsday,adumsdayjv@netlog.com
717,Honorable,Marie-thérèse,Ashley,cashleyjw@statcounter.com
718,Honorable,Gérald,Christou,bchristoujx@discuz.net
719,Honorable,Eliès,Napton,anaptonjy@arizona.edu
720,Rev,Eléonore,Renahan,mrenahanjz@oaic.gov.au
721,Honorable,Tán,Kubiak,ekubiakk0@oaic.gov.au
722,Rev,Mà,McEvilly,imcevillyk1@un.org
723,Dr,Mélanie,Gobourn,tgobournk2@toplist.cz
724,Honorable,Lài,Yesichev,myesichevk3@shareasale.com
725,Dr,Yú,Paulazzi,ipaulazzik4@amazon.co.jp
726,Dr,Valérie,Oakeshott,voakeshottk5@vkontakte.ru
727,Rev,Nélie,Goodoune,lgoodounek6@wikimedia.org
728,Mr,Maëlle,Michel,emichelk7@shutterfly.com
729,Dr,Renée,Thompson,hthompsonk8@blogs.com
730,Dr,Tú,Harrod,mharrodk9@exblog.jp
731,Mrs,Marylène,Burgoin,vburgoinka@cbsnews.com
732,Honorable,Gwenaëlle,Papes,cpapeskb@over-blog.com
733,Mrs,Rachèle,Traviss,ttravisskc@elegantthemes.com
734,Mr,Loïc,Ives,civeskd@ted.com
735,Mr,Méthode,Eplate,leplateke@mit.edu
736,Dr,Laïla,Urpeth,surpethkf@ucsd.edu
737,Ms,Gösta,Meffan,bmeffankg@bing.com
738,Ms,Méghane,Corfield,ccorfieldkh@ucoz.com
739,Dr,Simplifiés,Bresnahan,abresnahanki@furl.net
740,Ms,Thérèsa,Shildrick,tshildrickkj@ovh.net
741,Rev,Sélène,Santori,asantorikk@japanpost.jp
742,Mrs,Almérinda,Losemann,dlosemannkl@columbia.edu
743,Honorable,Stévina,Lloyd,klloydkm@dagondesign.com
744,Mr,Maïlys,Shane,eshanekn@nasa.gov
745,Rev,Gérald,Dobbing,wdobbingko@tiny.cc
746,Mr,Clémentine,Kinny,wkinnykp@mozilla.org
747,Rev,Audréanne,Swalowe,eswalowekq@phoca.cz
748,Rev,Océanne,Jurasek,jjurasekkr@delicious.com
749,Dr,Irène,Zanicchi,czanicchiks@webmd.com
750,Dr,Andréanne,Slot,cslotkt@thetimes.co.uk
751,Mrs,Cloé,Millins,amillinsku@technorati.com
752,Mrs,Thérèsa,Arrigucci,aarriguccikv@yandex.ru
753,Honorable,Görel,Boreham,cborehamkw@live.com
754,Ms,Marylène,Eke,wekekx@cam.ac.uk
755,Mrs,Laïla,O'Carran,docarranky@blogtalkradio.com
756,Ms,Anaé,Tibbits,ktibbitskz@bing.com
757,Dr,Maïté,Pampling,cpamplingl0@gov.uk
758,Dr,Léa,Zanini,gzaninil1@tripadvisor.com
759,Rev,Annotée,Broker,mbrokerl2@patch.com
760,Mr,Béatrice,Cowdry,acowdryl3@netlog.com
761,Mrs,Valérie,Drohun,kdrohunl4@nsw.gov.au
762,Dr,Mårten,Stallion,dstallionl5@tiny.cc
763,Mr,Publicité,Bulled,gbulledl6@github.com
764,Dr,Bénédicte,Calam,ncalaml7@wsj.com
765,Dr,Lyséa,Sherrin,rsherrinl8@alibaba.com
766,Rev,Mahélie,Shrubshall,kshrubshalll9@unicef.org
767,Mrs,Adèle,Pride,mpridela@youtu.be
768,Rev,Eugénie,Garlic,hgarliclb@unblog.fr
769,Rev,Salomé,Titmarsh,mtitmarshlc@answers.com
770,Honorable,Åslög,Bartles,abartlesld@freewebs.com
771,Dr,Loïc,Van Velden,svanveldenle@about.me
772,Mrs,Noëlla,Atton,gattonlf@sohu.com
773,Rev,Mahélie,Steanyng,rsteanynglg@bluehost.com
774,Mr,Camélia,Lattey,mlatteylh@lycos.com
775,Mrs,Stévina,Domenico,cdomenicoli@flickr.com
776,Ms,Thérèse,Wrack,kwracklj@webeden.co.uk
777,Mr,Noëlla,Fensome,kfensomelk@hp.com
778,Rev,Gwenaëlle,Vanyard,fvanyardll@github.com
779,Mrs,Cléopatre,Piburn,lpiburnlm@apple.com
780,Mrs,Crééz,Petrashov,vpetrashovln@jugem.jp
781,Mr,Desirée,Webermann,twebermannlo@ameblo.jp
782,Ms,Ráo,Swarbrigg,pswarbrigglp@trellian.com
783,Dr,Gwenaëlle,Fulkes,dfulkeslq@gizmodo.com
784,Honorable,Åke,Kores,mkoreslr@hud.gov
785,Dr,Ráo,Kivits,ekivitsls@1688.com
786,Mr,Mélia,Eleshenar,heleshenarlt@smugmug.com
787,Dr,Yú,Lerwell,blerwelllu@dyndns.org
788,Honorable,Amélie,Rumbellow,erumbellowlv@newyorker.com
789,Ms,Estève,Feveryear,afeveryearlw@de.vu
790,Mrs,Dorothée,Nelle,gnellelx@joomla.org
791,Rev,Lauréna,Scoyles,bscoylesly@mapquest.com
792,Mr,Cloé,Cordero,kcorderolz@skyrock.com
793,Ms,Uò,Girardez,cgirardezm0@oakley.com
794,Mr,Agnès,Venables,mvenablesm1@upenn.edu
795,Honorable,Françoise,Bawcock,sbawcockm2@netlog.com
796,Mrs,Renée,Koppelmann,nkoppelmannm3@yandex.ru
797,Dr,Naëlle,Revelle,drevellem4@washington.edu
798,Mrs,Renée,Sinderland,dsinderlandm5@elpais.com
799,Ms,Cloé,May,mmaym6@bbb.org
800,Dr,Gérald,McAlinden,bmcalindenm7@netscape.com
801,Dr,Östen,Garrettson,dgarrettsonm8@chicagotribune.com
802,Dr,Hélèna,Walak,kwalakm9@wp.com
803,Honorable,Mahélie,Dunster,jdunsterma@google.com.au
804,Mr,Méthode,Tissier,stissiermb@cocolog-nifty.com
805,Mr,Gaëlle,Eaklee,meakleemc@yolasite.com
806,Honorable,Camélia,Espada,vespadamd@hibu.com
807,Mr,Esbjörn,Dykins,vdykinsme@howstuffworks.com
808,Mrs,Lyséa,Tebbett,ttebbettmf@forbes.com
809,Ms,Gaïa,Screech,cscreechmg@google.com.hk
810,Mrs,Vérane,Darko,adarkomh@moonfruit.com
811,Dr,Laurène,Naisey,cnaiseymi@cdc.gov
812,Honorable,Fèi,Robbs,erobbsmj@apache.org
813,Dr,Léana,Blackly,cblacklymk@aboutads.info
814,Mrs,Solène,Eastwell,deastwellml@walmart.com
815,Ms,Gaïa,Darrigrand,kdarrigrandmm@dagondesign.com
816,Rev,Hélèna,Naden,wnadenmn@dion.ne.jp
817,Rev,Fèi,Ferrieroi,zferrieroimo@hao123.com
818,Dr,Yáo,Letrange,rletrangemp@unblog.fr
819,Honorable,Andréanne,Kirkham,mkirkhammq@uiuc.edu
820,Ms,Mélys,Cammis,acammismr@microsoft.com
821,Mr,Åsa,Robb,jrobbms@comcast.net
822,Dr,Fèi,Coathup,gcoathupmt@hc360.com
823,Mr,Mélinda,Kobierski,bkobierskimu@wordpress.com
824,Ms,Valérie,Ambridge,kambridgemv@goo.gl
825,Ms,Crééz,Aloigi,kaloigimw@nhs.uk
826,Rev,Hélèna,Dunford,ddunfordmx@bloglines.com
827,Mrs,Kuí,Pallatina,epallatinamy@ft.com
828,Mrs,Pélagie,Broscombe,sbroscombemz@domainmarket.com
829,Mrs,Rachèle,Cattermole,jcattermolen0@dagondesign.com
830,Ms,Anaëlle,Coulthard,gcoulthardn1@quantcast.com
831,Ms,Léane,Geeson,jgeesonn2@1und1.de
832,Mr,Maïlis,Anyene,ranyenen3@reverbnation.com
833,Mrs,Irène,Douglass,edouglassn4@msn.com
834,Mrs,Nuó,Turvie,gturvien5@businessinsider.com
835,Mr,Régine,Tidball,mtidballn6@example.com
836,Mr,Célia,Barnewille,jbarnewillen7@newyorker.com
837,Dr,Bérénice,Purple,cpurplen8@csmonitor.com
838,Rev,Pénélope,Ealles,veallesn9@archive.org
839,Rev,Anaëlle,Putley,dputleyna@blogspot.com
840,Rev,Lyséa,Elion,pelionnb@ow.ly
841,Mr,Pål,Josilevich,ejosilevichnc@gov.uk
842,Rev,Maëlla,Bamford,jbamfordnd@ft.com
843,Rev,Audréanne,Sinden,rsindenne@elpais.com
844,Rev,Marie-thérèse,Cursey,mcurseynf@sina.com.cn
845,Ms,Uò,McCane,jmccaneng@scribd.com
846,Dr,Eliès,Offen,aoffennh@wikipedia.org
847,Mrs,Adélaïde,Marczyk,lmarczykni@51.la
848,Mr,Régine,Carren,rcarrennj@xing.com
849,Mr,Lucrèce,Bloxsum,hbloxsumnk@vistaprint.com
850,Mr,Réjane,Robroe,crobroenl@example.com
851,Mr,Maïté,Trower,dtrowernm@zdnet.com
852,Honorable,Gösta,Van de Velde,gvandeveldenn@whitehouse.gov
853,Honorable,Fèi,Delaprelle,ndelaprelleno@aboutads.info
854,Ms,Clémence,Clowton,gclowtonnp@163.com
855,Mr,Lèi,Behan,ibehannq@phoca.cz
856,Ms,Pål,Wiburn,cwiburnnr@fastcompany.com
857,Honorable,Yú,Tilbey,vtilbeyns@usgs.gov
858,Mr,Ruò,Presdee,spresdeent@surveymonkey.com
859,Mr,Célestine,Duffell,cduffellnu@free.fr
860,Rev,Cécilia,Bourthouloume,gbourthouloumenv@ft.com
861,Mrs,Andrée,Charer,lcharernw@ucoz.com
862,Mr,Bérengère,Cartwright,kcartwrightnx@cargocollective.com
863,Honorable,Gwenaëlle,Daunter,adaunterny@geocities.com
864,Mrs,Yè,de Keyser,vdekeysernz@ow.ly
865,Rev,Lài,Asel,laselo0@xrea.com
866,Ms,Réservés,Bolland,abollando1@instagram.com
867,Rev,Léonie,Boyes,rboyeso2@privacy.gov.au
868,Mr,Clémentine,Wafer,vwafero3@constantcontact.com
869,Rev,Eliès,Trewman,ftrewmano4@ihg.com
870,Mrs,Dorothée,Ollet,jolleto5@gizmodo.com
871,Rev,Lóng,Halling,ohallingo6@seesaa.net
872,Ms,Audréanne,Hallwell,ghallwello7@whitehouse.gov
873,Ms,Mélina,Winspar,kwinsparo8@hhs.gov
874,Dr,Marie-ève,Wille,hwilleo9@apache.org
875,Dr,Méryl,Blonfield,wblonfieldoa@symantec.com
876,Rev,Eliès,Eberdt,meberdtob@aboutads.info
877,Ms,Gwenaëlle,Dimanche,rdimancheoc@mashable.com
878,Mrs,Crééz,Dive,rdiveod@jalbum.net
879,Ms,Mélia,Fattori,efattorioe@apple.com
880,Mrs,Sélène,Swinburne,dswinburneof@addthis.com
881,Mr,Faîtes,Roskruge,kroskrugeog@dailymotion.com
882,Mrs,Laïla,Dumblton,rdumbltonoh@phpbb.com
883,Rev,Måns,Eble,debleoi@examiner.com
884,Rev,Maïlis,McBratney,zmcbratneyoj@posterous.com
885,Mrs,Loïca,Carnegy,mcarnegyok@gmpg.org
886,Ms,Håkan,Overbury,aoverburyol@jalbum.net
887,Mrs,Gaétane,Comben,gcombenom@netlog.com
888,Rev,Léonore,Burehill,tburehillon@opensource.org
889,Dr,Styrbjörn,Larking,dlarkingoo@people.com.cn
890,Ms,Dorothée,Brissard,hbrissardop@prlog.org
891,Ms,Véronique,Dunnico,mdunnicooq@123-reg.co.uk
892,Dr,Dà,Koop,gkoopor@epa.gov
893,Ms,Mélodie,Toppes,ktoppesos@blogtalkradio.com
894,Honorable,Léonie,LeEstut,aleestutot@yahoo.com
895,Rev,Lài,Bayly,ibaylyou@bbb.org
896,Mrs,Danièle,St. Quentin,cstquentinov@wix.com
897,Mrs,Audréanne,Penniall,lpenniallow@eepurl.com
898,Rev,Sòng,Eagland,jeaglandox@cornell.edu
899,Honorable,Mégane,Echalier,sechalieroy@topsy.com
900,Ms,Hélène,Daines,adainesoz@archive.org
901,Honorable,Nuó,Corten,ucortenp0@census.gov
902,Mrs,Inès,Wolstencroft,ewolstencroftp1@t.co
903,Ms,Tán,Ranyard,branyardp2@omniture.com
904,Ms,Bérangère,Di Baudi,kdibaudip3@nasa.gov
905,Dr,Håkan,Ilson,dilsonp4@de.vu
906,Mrs,Zhì,Deex,tdeexp5@ucoz.com
907,Ms,Annotée,Immins,nimminsp6@1und1.de
908,Ms,Andréa,Kilmurray,ekilmurrayp7@angelfire.com
909,Mr,Maëlla,Boissier,sboissierp8@woothemes.com
910,Honorable,Zoé,Marrian,smarrianp9@people.com.cn
911,Honorable,Lauréna,Jasper,bjasperpa@shutterfly.com
912,Honorable,Néhémie,Hartnup,ghartnuppb@java.com
913,Rev,Pélagie,Sammonds,bsammondspc@a8.net
914,Ms,Régine,Swatman,mswatmanpd@ebay.com
915,Honorable,Marlène,Milbank,amilbankpe@zdnet.com
916,Mr,Loïc,Clibbery,bclibberypf@ovh.net
917,Mr,Loïca,Coate,ccoatepg@blogtalkradio.com
918,Dr,Anaëlle,Skipper,tskipperph@elegantthemes.com
919,Rev,Pò,Gunstone,lgunstonepi@unesco.org
920,Dr,Marie-josée,Fairs,cfairspj@miibeian.gov.cn
921,Honorable,Angélique,Suddell,asuddellpk@instagram.com
922,Dr,Fèi,Catlin,ccatlinpl@opera.com
923,Honorable,Séréna,Caze,rcazepm@nifty.com
924,Honorable,Börje,Comazzo,pcomazzopn@youtu.be
925,Mrs,Aí,Wareing,bwareingpo@privacy.gov.au
926,Mr,Östen,Winnister,swinnisterpp@bbb.org
927,Rev,Gérald,Lackeye,plackeyepq@jiathis.com
928,Mr,Marylène,Rourke,irourkepr@pinterest.com
929,Dr,Wá,Waite,wwaiteps@pen.io
930,Rev,Táng,Yantsurev,ryantsurevpt@tinypic.com
931,Ms,Clémentine,Birdfield,vbirdfieldpu@istockphoto.com
932,Mrs,Véronique,Poppy,dpoppypv@prweb.com
933,Honorable,Léane,Troubridge,stroubridgepw@boston.com
934,Mr,Lèi,Leggate,mleggatepx@businessweek.com
935,Mrs,Mén,Bingall,cbingallpy@acquirethisname.com
936,Honorable,Léane,Kalkhoven,ekalkhovenpz@disqus.com
937,Honorable,Stévina,Bartram,abartramq0@latimes.com
938,Ms,Gaëlle,Eborn,hebornq1@tumblr.com
939,Ms,Estève,Prettjohn,wprettjohnq2@home.pl
940,Honorable,Ruì,Adamowitz,sadamowitzq3@hugedomains.com
941,Ms,Séréna,Brevetor,gbrevetorq4@google.co.jp
942,Honorable,Solène,Whyke,nwhykeq5@vimeo.com
943,Mrs,Françoise,Dust,bdustq6@yahoo.com
944,Dr,Kù,Strapp,ostrappq7@narod.ru
945,Mr,Annotés,Filby,efilbyq8@mapy.cz
946,Mrs,Rachèle,Arnaudet,garnaudetq9@github.com
947,Rev,Maïté,Pasley,rpasleyqa@jalbum.net
948,Rev,Camélia,Churchill,rchurchillqb@nih.gov
949,Mr,Gaïa,Canner,mcannerqc@omniture.com
950,Dr,Adélaïde,Cissen,hcissenqd@ifeng.com
951,Rev,Marie-hélène,McLewd,cmclewdqe@springer.com
952,Rev,Mélys,Crolly,ncrollyqf@digg.com
953,Ms,Torbjörn,Holwell,eholwellqg@ebay.com
954,Ms,Andréanne,Bryer,kbryerqh@oracle.com
955,Dr,Pénélope,Gartery,cgarteryqi@fotki.com
956,Mrs,Styrbjörn,Edds,reddsqj@theguardian.com
957,Rev,Cléopatre,Moscrop,cmoscropqk@google.de
958,Rev,Loïs,Loghan,mloghanql@umn.edu
959,Rev,Märta,Spurier,fspurierqm@java.com
960,Mrs,Göran,Noseworthy,dnoseworthyqn@answers.com
961,Dr,Léana,Hackford,ehackfordqo@addthis.com
962,Honorable,Maëly,Downham,jdownhamqp@icio.us
963,Rev,Lyséa,Tummond,ttummondqq@ameblo.jp
964,Mr,Ruì,Shilstone,jshilstoneqr@wikimedia.org
965,Rev,Yáo,Whoolehan,fwhoolehanqs@ihg.com
966,Mrs,Chloé,Miners,dminersqt@uiuc.edu
967,Mr,Måns,Bucky,dbuckyqu@newsvine.com
968,Honorable,Maëlla,Linny,dlinnyqv@hatena.ne.jp
969,Mrs,Chloé,Le Surf,clesurfqw@utexas.edu
970,Honorable,Thérèse,Jedrys,cjedrysqx@newsvine.com
971,Honorable,Céline,Yersin,byersinqy@ihg.com
972,Dr,Sélène,Gomar,vgomarqz@intel.com
973,Dr,Cléa,Matanin,mmataninr0@ezinearticles.com
974,Dr,Åke,Lenchenko,llenchenkor1@ucoz.ru
975,Mr,Marie-thérèse,Brecknock,tbrecknockr2@dropbox.com
976,Dr,Mà,Grenshields,sgrenshieldsr3@wisc.edu
977,Mrs,Garçon,Schole,escholer4@youtube.com
978,Dr,Crééz,Bloomer,ebloomerr5@jigsy.com
979,Dr,Dù,Nials,vnialsr6@nih.gov
980,Honorable,Audréanne,Haggerstone,mhaggerstoner7@histats.com
981,Mrs,Pélagie,Elms,selmsr8@noaa.gov
982,Honorable,Annotée,Mc Carrick,imccarrickr9@bluehost.com
983,Mr,Yáo,Insko,vinskora@sfgate.com
984,Mr,Garçon,Gabb,sgabbrb@reuters.com
985,Honorable,Salomé,Roberts,mrobertsrc@smugmug.com
986,Honorable,Faîtes,De Witt,kdewittrd@about.com
987,Dr,Véronique,MacCartan,smaccartanre@discuz.net
988,Mr,Eliès,Grover,hgroverrf@github.com
989,Dr,Méghane,Charity,dcharityrg@cargocollective.com
990,Mrs,Eloïse,Mapledoram,lmapledoramrh@behance.net
991,Mr,Håkan,Rankcom,drankcomri@blogger.com
992,Rev,Médiamass,Piegrome,rpiegromerj@si.edu
993,Honorable,Örjan,Soule,msoulerk@mozilla.com
994,Ms,Loïca,Goshawk,bgoshawkrl@merriam-webster.com
995,Mrs,Maïlys,Wolton,kwoltonrm@alexa.com
996,Mr,Börje,Kemmish,lkemmishrn@chicagotribune.com
997,Rev,Vénus,O'Bruen,sobruenro@prnewswire.com
998,Rev,Naëlle,Petcher,apetcherrp@behance.net
999,Dr,Torbjörn,Prester,hpresterrq@last.fm
1000,Ms,Torbjörn,Melia,fmeliarr@woothemes.com
